ID;Odpowiedzi
1;Z dupy do ust.
2;Za dużo koki.
3;Zachodnie standardy piękna.
4;Zaciśnięte pośladki.
5;Zajebisty statek kosmiczny.
6;Zajebiście dobra solówka.
7;Zamknięcie ryja.
8;Zapanowanie nad niedźwiedziem grizzly i uczynienie go swoją żoną.
9;Zaprzyjaźnienie się.
10;Zaskakująca ilość włosów.
11;Zatrzaśnięcie penisa w pułapce na myszy z innym penisem.
12;Zawiedzenie wszystkich.
13;Zbliżający się korek uliczny.
14;Zdejmowanie świętego Mikołaja rakietą ziemia-powietrze.
15;Złowieszcza muzyka w tle.
16;Zły człowiek w diabolicznym garniaku.
17;Zmienianie poglądów innych wykorzystując logikę i fakty.
18;Zmyślanie statystyk.
19;Znalezienie szkieletu.
20;Zrobienie dobrze kilku gościom w ciemnej alejce.
21;Zrobienie sobie kuku.
22;Za dużo żelu we włosach.
23;Za gorąca zupa.
24;Zabawa w wampira podczas miesiączki.
25;Zamrażarka pełna organów.
26;Zajęcia integracyjne.
27;Zabłąkany włos łonowy.
28;Zastawianie pułapek na złodziei.
29;Zaspany Lew w ZOO.
30;Zażywanie Krokodyla.
31;Zapach starych ludzi.
32;Zbilansowane śniadanie.
33;Zdjęcia piersi.
34;Zerknięcie.
35;Zespół Feel.
36;Zielsko / Jaranie / Palenie / Trawa / Ganja.
37;Ziołowe tabletki na problemy z potencją.
38;Złe decyzje życiowe.
39;Złoty deszcz.
40;Zmazy nocne.
41;Znajomi wyjadający całą zagrychę.
42;Znośni transwestyci.
43;Złoty łańcuch.
44;Zostawianie kłopotliwych wiadomości na poczcie głosowej.
45;Zrzucane żyrandolu na przeciwników i wjeżdżanie do góry po linie.
46;Zostanie prezydentem Stanów Zjednoczonych.
47;Zapuszkowanie większej ilości czarnych ludzi w więzieniu.
48;Żadnych ubrań, penis w pochwie.
49;Żałosna gra wstępna.
50;Żółw jaszczurowaty gryzący cię w końcówkę penisa.
51;Żydzi.
52;Jak niesamowity jestem.
53;Jakiś fagas z gitarą akustyczną.
54;Jakiś tam Azjata.
55;Janusz.
56;Jarosław Boberek.
57;Jeden, by wszystkimi rządzić.
58;Jedzenie albinosa.
59;Jedzenie wąsów Chucka Norrisa aby zdobyć jego umiejętności.
60;Jeszcze jedna dawka morfiny.
61;Język.
62;Jadalna bielizna.
63;Janusz Korwin-Mikke.
64;Jarosław Kaczyński.
65;Jądra.
66;Jej wysokość, Królowa Elżbieta II.
67;Jezioro łabędzie.
68;Jessica, bejbi pliss dont brejk maj hart.
69;Józef Piłsudski.
70;Justin Bieber.
71;Jezus jest odpowiedzią na każde pytanie.
72;Jak bardzo jestem zajebisty.
73;Geje z innej planety.
74;Genetycznie zaprojektowani super żołnierze.
75;Gigantyczna sperma z kosmosu.
76;Głupi penis mojego chłopaka.
77;Głupia, pieprzona twarz mojego ojca.
78;Google.
79;Gorączka disco.
80;Gospodarka.
81;Gówno prawda.
82;Gramatyczni naziści, którzy również są zwykłymi nazistami.
83;Grupa ludzi uprawiających seks na łyżeczkę.
84;Gułagi.
85;Gadanie głupot.
86;Gandhi.
87;Gąbka pełna kocich sików.
88;Gej party.
89;Generał Wojciech Jaruzelski.
90;Globalne ocieplenie.
91;Głęboko upośledzeni.
92;Głos Krystyny Czubówny.
93;Gobliny.
94;Guz mózgu.
95;Gwałt na randce.
96;Gwałtowna powódź.
97;Gwiazdy Porno.
98;Gwałt zbiorowy.
99;Granie na komputerze w chowanego.
100;Gra o tron.
101;Gałąź.
102;Grupa idiotów grających w grę karcianą, zamiast rozmawiających ze sobą jak normalni ludzie.
103;Rekiny z nogami.
104;Rekonstrukcja bitwy pod Grunwaldem.
105;Reprezentacja polskich polityków w piłce nożnej.
106;"Reprodukcja serialu ""Wiedźmin"" tylko i wyłącznie z aktorami-karłami."
107;Retrospekcje wojenne.
108;Rewizjonizm historyczny.
109;Rodowity Amerykanin, który rozwiązuje zbrodnie przechodząc do świata duchów.
110;Ropa naftowa.
111;Rosyjska super-gruźlica.
112;Rozczarowująca sałatka.
113;Rozdziewiczanie księżniczki.
114;Rozerwanie klatki piersiowej mężczyzny i wyciąganie wciąż bijącego serca.
115;Rozkminianie jak uprawiać seks z delfinem.
116;Rozmiar mojego penisa.
117;Ruch taneczny, który jest po prostu pozycją seksualną.
118;Ryan Gosling wjeżdżający na białym koniu.
119;Ryszard Kalisz trzymający saksofon leżąc nago na niedźwiedziej skórze.
120;Rzewny płacz podczas czytania Harlequina.
121;Rzyganie w trakcie lodzika.
122;Rasizm.
123;Robert Burneika.
124;RoboCop.
125;Robienie smutnej minki.
126;Rodzenie kamienia nerkowego.
127;Rolnictwo.
128;Rozbieranie się do naga i oglądanie Cartoon Network.
129;Rozczarowujące przyjęcie urodzinowe.
130;Rycerskość.
131;Rzut karłem.
132;Rasowo czysta Europa.
133;Rzucam wszystko w cholerę i wyjeżdżam w Bieszczady.
134;Rzucanie kamieniami w człowieka, dopóki nie umrze.
135;Rzucanie kamieniami w dinozaury.
136;Kariera aktorska Przemysława Salety.
137;Karty przeciwko ludzkości.
138;Kaszaloty.
139;Katapulty.
140;Kazirodztwo.
141;Kim Jong-il.
142;Kobiece prawa wyborcze.
143;Kobiety w reklamach jogurtów.
144;Kolesie którzy nie dzwonią później do dziewczyn poznanych na imprezie.
145;Kolejny, cholerny film z wampirami.
146;Kolczyki do sutków.
147;Kochanie się w tyłek.
148;Komórki macierzyste.
149;Kompleks Edypa.
150;Konina.
151;Konsultanci.
152;Konwulsyjnie wymiotujący Kuba Wojewódzki podczas gdy chmara pająków wylęga się w jego mózgu i eksploduje z kanalików łzowych.
153;Koraliki analne.
154;Kozy pożerające śmieci.
155;Krasnoludki.
156;Krew Chrystusa.
157;Ku Klux Klan.
158;Kuba Wojewódzki nękany przez rój myszołowów.
159;Kuba Wojewódzki zaczepiony moszną o haczyk od zasłony.
160;Karta płatnicza Tatusia.
161;Kaszlenie do waginy.
162;Katastrofalny uraz cewki moczowej.
163;Kucyk.
164;Kichanie, pierdzenie i dochodzenie w tym samym czasie.
165;Kiłowe szaleństwo.
166;Kleks ze śmietany.
167;Kolacja wigilijna z mrożonek.
168;"Kolacja z kartonowymi postaciami z ""Przyjaciół""."
169;Konwenty.
170;Koń bez nóg.
171;Kopytko.
172;Korporacje.
173;Korpokurwy.
174;Kosmiczne babeczki.
175;Kot skurwiel.
176;Kradzież kobiecych majtek.
177;Kraina czekolady.
178;Krwawa ścieżka z szablą przez LIDL.
179;Krwawy bąk.
180;Krzyczenie jak wariat.
181;Kupka.
182;Kupowanie odpowiednich spodni by być lubianym.
183;Krzyki Te przeraźliwe krzyki.
184;Karabiny.
185;Kobieca racja.
186;Krojenie szynki w mrożącej ciszy.
187;Kanapka.
188;Kobieca perspektywa.
189;Viagra®.
190;X-Men którego mocą jest to, że uprawiał seks z psami i dziećmi.
191;"Uduchowione wydanie ""Dni, których nie znamy""."
192;Ugandyjski wódz plemienny.
193;Umieranie w samotności i bólu.
194;Upływ czasu.
195;Używanie przepychacza do kibla na twarzy.
196;Ubrudzenie się.
197;Uczciwy gliniarz z niczym do stracenia.
198;Uczenie robota miłości.
199;Udawane współczucie.
200;Ukrywanie wzwodu.
201;Upijanie się płynem do spryskiwaczy.
202;Uwodzenie.
203;Używanie wspólnej strzykawki.
204;Umieranie.
205;Ucieczka z psychiatryka.
206;Uprawianie seksu z piękną osobą.
207;Uderzenie staruszki-rasistki.
208;Uczenie twojej dziewczyny jak obciągać.
209;Ubieranie garnituru i okularów, tylko po to, żeby wyglądać mądrzej.
210;Latające roboty, które zabijają ludzi.
211;Lekkoatletyka.
212;Liczenie całek na liczydle.
213;Loki, bóg szachraj.
214;Lady Gaga.
215;Laktacja.
216;Lech Wałęsa.
217;Leczenie homoseksualizmu.
218;Leki na ADHD.
219;Liczne rany kłute.
220;Lobotomia szpikulcem do lodu.
221;Ludzie zawsze psujący dobrą zabawę.
222;Ludzka głupota.
223;Ludzie z księżyca.
224;Łożysko.
225;Łagodny autyzm.
226;Łaskotanie moszny.
227;Łysy grubas z internetów.
228;Łechtaczka.
229;40-latek na rolkach.
230;2 girls 1 cup.
231;72 dziewice.
232;10 niesamowitych faktów o odbycie.
233;11 09 2001.
234;24-godzinna relacja na żywo.
235;4chan.
236;55-litrowa beczka lubrykantu.
237;50,000 Voltów przyłożone do sutków.
238;8 gramów słodkiej meksykańskiej czarnej heroiny.
239;10 milionów żydów i jeden dentysta.
240;Macanie.
241;Moje pole.
242;Mahomet (Chwała mu po wieczne czasy).
243;Malowanie palcami.
244;Małpa paląca cygara.
245;Martwe niemowlęta.
246;Martwi rodzice.
247;Masturbacja.
248;Menstruacja.
249;Mechaniczny Hitler.
250;Mazurek.
251;Materac z TV Mango.
252;Męska Pała.
253;Metamfetamina.
254;Mężczyźni.
255;Michael Jackson.
256;Mikro penis.
257;Mim w trakcie zawału.
258;Ministranci.
259;Minuta ciszy.
260;Miny lądowe.
261;Mleczarz.
262;Mleko w tubce.
263;Młyn pełen trupów.
264;Moc Jedi.
265;Mocne sztachnięcie.
266;Moja dusza.
267;Moja dziewczyna.
268;Moja kolekcja nowoczesnych gadżetów erotycznych.
269;Moja mama.
270;Moja pochwa.
271;Moje genitalia.
272;Moje wewnętrzne demony.
273;Moje życie seksualne.
274;Mokry bąk.
275;Mordowanie, palenie, gwałcenie.
276;Morze problemów.
277;Mój chłopak.
278;Murzyni.
279;Magda Gessler.
280;Maksymalna penetracja.
281;Malutka, słabiutka rączka.
282;Malutkie sutki.
283;Małże.
284;Małpy z AIDS.
285;Męski odbyt.
286;Mężczyzna w spodniach do jogi z kucykiem i kolczykami z piór.
287;Michał Piróg.
288;Mieszanie ras.
289;Mieszkanie w koszu na śmieci.
290;Moja pierwsza miesiączka.
291;Moja maczeta.
292;Międzyrasowy uścisk dłoni.
293;Międzyrasowe małżeństwo.
294;Moje pierwsze zabójstwo.
295;Moralna dwuznaczność.
296;Mój bezwartościowy syn.
297;Mój loch seksu.
298;Mój sługa, Czarek.
299;Muczenie.
300;Myśli samobójcze.
301;Mały palec u lewej stopy po prawej stronie.
302;Mieszanie M&M-sów I Skittlesów jak jakiś swojego rodzaju psychopata.
303;Myśli geja.
304;Matematyka.
305;Adidas.
306;Afrykańskie dzieci.
307;Aktywne słuchanie.
308;Anna Mucha.
309;Arnold Schwarzenegger.
310;Auschwitz.
311;Arachnofobia.
312;Adolf Hitler.
313;Awansowanie na następny poziom.
314;Apetyczni chłopcy niewolnicy.
315;Albański pastuch.
316;Armia szkieletów.
317;Afryka.
318;Alkoholowy zespół płodowy.
319;Alimenty.
320;Ali Baba i czterdziestu rozbójników.
321;Alkoholizm.
322;Amerykańscy gladiatorzy.
323;Amerykański sen.
324;Ataki dinozaurów.
325;Amputanci.
326;Andrzej Grabowski.
327;Autokanibalizm.
328;Adam Słodowy.
329;Amisze.
330;Alternatywna historia w której Hitler był gejem, ale nadal zabił tych wszystkich ludzi.
331;Ta cała krew.
332;Ta szalona rzecz zwana miłością.
333;Taki słodki filmik z kotem, że twoje oczy potoczą się wzdłuż kręgosłupa i wyjdą z odbytu.
334;Tarta.
335;Te właściwe mutanty, czyli chore i bez żadnych supermocy.
336;Te wszystkie dekoracyjne poduszki.
337;Telefon zaufania.
338;Ten gościu!
339;Teściowa.
340;Tożsamość płciowa, z którą można komunikować się tylko poprzez poezję więzienną.
341;Trzy kolejne sekundy szczęścia.
342;Trzy miesiące w dziurze.
343;Tygrys który zabił mojego ojca.
344;Tysiąc kabanosów.
345;Tabletki gwałtu.
346;Taniec godowy.
347;Terapia hormonalna.
348;Ten pas na brzuch z TV Mango.
349;Tarcie.
350;Terroryści.
351;To miejsce u mężczyzny między jądrami, a odbytem.
352;To uczucie, gdy wydaje Ci się, że to tylko beknięcie, a okazuje się, że to rzyg.
353;Tomasz Karolak.
354;Tomasz Kot.
355;Tortury.
356;Tyskie.
357;Tata odchodzący na zawsze.
358;Babcia.
359;Gluty z nosa.
360;Bakteria żywiąca się mięsem.
361;BATMAN!!!
362;Bezchmurne niebo i świecące słońce.
363;Bezczelność.
364;Bezdomni.
365;Biali ludzie.
366;Biblia.
367;Biedni ludzie.
368;Bogactwo.
369;Borys Szyc.
370;Britney Spears w wieku 55 lat.
371;Bycie bajecznie pięknym.
372;Bycie chujem w stosunku do dzieci.
373;Bycie naprawdę mocno spalonym.
374;Bycie tak złym, że aż ci staje.
375;Bycie zmarginalizowanym.
376;Banda idiotów grająca w karty, zamiast integrować się jak normalni ludzie.
377;Beznadziejna ilość pająków.
378;Bezpieczne słowo.
379;Bezwarunkowe posłuszeństwo.
380;Biała połowa Baracka Obamy.
381;Bicie żony.
382;Biczowanie nieposłusznego niewolnika.
383;Bieganie nago po centrum handlowym, sikanie i sranie wszędzie.
384;Biegunka rozpryskowa w gaciach.
385;Bilet w jedną stronę do Sosnowca.
386;Błyszczący kamień, który jest dowodem mojej miłości.
387;Borys, radziecki Młot Miłości.
388;Brak umiejętności zakładania poważnych związków.
389;Brak wspomagania reszty społeczeństwa w jakiś znaczący sposób.
390;Bycie dinozaurem.
391;Bycie dziewięciolatkiem.
392;Bycie martwym przez jakiś czas.
393;Bycie na ostrej fazie po grzybkach halucynkach.
394;Bycie niesamowitym w łóżku.
395;Bycie porwanym przez Piotrusia Pana.
396;Bycie postrzelonym, na serio.
397;Bycie sparaliżowanym od ramion w dół.
398;Bycie wielbionym jako jedyny, prawdziwy Bóg.
399;Bycie zajętym dorosłym z wieloma ważnymi rzeczami do zrobienia.
400;Bóg tak chciał.
401;Bycie złapanym przez policję i wrzuconym do więzienia.
402;Bycie przeokropną matką.
403;Beyonce.
404;Bohater bez żadnych umiejętności.
405;Walki kogutów.
406;Wąchanie kleju.
407;Whiskas®.
408;Wieczny smutek.
409;Wielki wybuch.
410;Wielkie halo o nic.
411;Wikingowie.
412;Właściwe postępowanie.
413;World of Warcraft.
414;Wpierdol.
415;Wstręt do samego siebie.
416;Wybielony odbyt.
417;Wybuch termojądrowy.
418;Wybuchy.
419;Wykorzystywanie dzieci.
420;Wymiana uprzejmości.
421;Wyruszanie w stronę zachodu słońca.
422;Wzwód trwający ponad 4 godziny.
423;W chuj dużo.
424;Walka niczym gladiatorzy.
425;Wciąganie koksu ze stojącej kuśki klauna.
426;Widzenie rzeczy z perspektywy Hitlera.
427;Wiele, wiele aborcji.
428;Wielki czarny kutas.
429;Większy, bardziej czarny kutas.
430;Wilgotna, wymagająca przepaść na jego twarzy.
431;Wkładanie kanapki z dżemem i masłem orzechowym do magnetowidu.
432;Włóczenie się, bicie ludzi.
433;Wszyscy moi przyjaciele umierają.
434;Wstrzykiwanie metamfetaminy w jedno ramię i środka na uspokojenie w drugie.
435;Wskakiwanie na ludzi.
436;Wpadanie do kibla.
437;Wszystkie samotne panie.
438;Wybuchające gołębie.
439;Wychlanie lampy z lawą.
440;Wychodzące z kibla gady, gryzące Cię kiedy robisz kupę.
441;Wykończenie w końcu wszystkich górali.
442;Wykorzystywanie bezdomnych ludzi do stworzenia ruchomych hotspotów.
443;Wyruchanie trupa z powrotem do życia.
444;Wyrwanie facetowi jąder i gałek ocznych, a następnie włożenie jąder do oczodołów i gałek ocznych do moszny.
445;Wzgardzona kobieta.
446;Wchodzenie do szafy, żeby sprawdzić czy po drugiej stronie jest Narnia.
447;Wróżbita Maciej.
448;Ważne informacje odnośnie Taylor Swift.
449;Wchodzenie w szklane drzwi.
450;Wiatr.
451;Wieczne dziewictwo.
452;Emocje.
453;Feminizm.
454;Estrogen.
455;Euphoria™ Calvina Kleina.
456;Ejakulacja żywymi pszczołami, a pszczoły są wściekłe.
457;Erekcja starszych panów.
458;Eutanazja.
459;Esmeralda - moja najpiękniejsza córeczka.
460;Faktyczne zabranie dziecku cukierka.
461;Fantazje o drwalach.
462;Finalista kangura.
463;Fundacja Polsat dzieciom.
464;Faszerowanie twarzy dziecka cukrem pudrem dopóki nie będzie mu się to podobało.
465;Fisting.
466;Foch I chuj.
467;Niesymetryczne, sztuczne piersi.
468;Nadzieja.
469;Nagły zwrot akcji.
470;Nagość.
471;Napad w bramie.
472;Napięcie seksualne.
473;Napletek.
474;Naprawdę fajny kapelusz.
475;Naruszanie podstawowych praw człowieka.
476;Nastawienie.
477;Nastoletnie ciąże.
478;Naturalna selekcja.
479;Nelli Rokita.
480;Nekrofilia.
481;Naziści.
482;Nauka.
483;Niemcy.
484;Niemieckie porno w lochach.
485;Nieodwzajemniony seks oralny.
486;Nierozmawianie z obcymi.
487;Niestosowne jodłowanie.
488;Niewyobrażalna głupota.
489;Niewyparzona buzia.
490;Noszenie bielizny na lewej stronie aby uniknąć prania.
491;Na przykład palenie koki.
492;Nadepnięcie klocka LEGO Bosą stopą.
493;Nadmiernie bujne i zapuszczone włosy.
494;Nagła przypadłość wybuchowego srania.
495;Najmniejszy cień dowodu, że Bóg istnieje.
496;Największe przeboje Krzysztofa Krawczyka.
497;Namiętna latynoska kochanka.
498;Nudny sex waginalny.
499;Napalony goblin i jego wesoły penis.
500;Napełnianie każdego otworu ciała budyniem karmelowym.
501;Narzekanie jak mała dziwka.
502;Nasmarowany olejkiem Rafał Maserak.
503;Nie uprawienie seksu.
504;Nie wsadzanie głęboko.
505;NIEEEEEEEEEEEE!!!
506;Nieograniczone zupy, sałatki i paluszki.
507;Nieopisana samotność.
508;Niepohamowana chęć uduszenia włóczęgi.
509;Nieudane obrzezanie.
510;Niepowstrzymana fala ognistych mrówek.
511;Niesamowity świat grzybów.
512;Niesprawny diabelski młyn toczący się w stronę morza.
513;Niezapomniana studniówka.
514;Niejednoznaczny sarkazm.
515;Nienasycona żądza krwi.
516;Niezła dupa!
517;Nieznacznie chujowszy równoległy wszechświat.
518;Niski poziom życia.
519;Noszenie okularów i brzmienie mądrze.
520;Noszenie ośmiornicy jako kapelusza.
521;Nowa płyta Comy.
522;Nowy chłopak mamy.
523;No ketchup, just sauce.
524;Naboje.
525;Nic nie znaczący seks.
526;Nie uprawianie seksu nigdy więcej.
527;Niesamowity czas picia i prowadzenia samochodu.
528;Nasze dziecko.
529;Niewyobrażalna liczba pająków.
530;Obciąganie dla wszystkich.
531;Oczy szalone od opium.
532;Odmładzająca Krzyśka Ibisza, szara, odżywcza papka.
533;Odmrożenie moszny.
534;Odpowiednie zajęcie się jej sutkami.
535;Odpowiedzialne picie.
536;Ogromne skandynawskie kobiety.
537;Opcje dla wegetarian.
538;Opętanie.
539;Orzeszki.
540;Osadzony na mieliźnie wieloryb.
541;Ostre światło dnia.
542;Ośmiu gejowskich władców świata mody.
543;Obciąganie w czasie jazdy autem.
544;Oblizywanie rzeczy, żeby oznaczyć je jako swoje.
545;Obowiązki małżeńskie.
546;Obżeranie się i wymiotowanie.
547;Ocenzurowane bukkake.
548;Ofiary wśród cywili.
549;Okradanie grobów.
550;Olaf Lubaszenko.
551;Olbrzymie lizaki.
552;Olewanie problemów trzeciego świata.
553;Opowiadanie dowcipów o żydach w nieodpowiednim momencie.
554;Opryszczka.
555;Oszukiwanie na olimpiadzie specjalnej.
556;Otyłość.
557;Odporność na wiedzę.
558;Ogólne nie posiadanie zielonego pojęcia co się dzieje.
559;Ogromna kolekcja dziecięcej pornografii.
560;Oglądanie jak umierasz.
561;Cała drużyna pływacka.
562;Całkowicie nowy rodzaj porno.
563;Cały Internet.
564;Chińskie porno bajki.
565;Cholerne promocje.
566;Chytra Baba z Radomia.
567;Cholerne hemoroidy.
568;Chyże osiąganie orgazmu.
569;Ciało ludzkie.
570;Ciepły, aksamitny seks pacynek.
571;Ciosy nunczakiem.
572;Co zrobiłby Jezus.
573;Coś naprawdę popierdolonego.
574;Coś w rodzaju człowieka-ptaka.
575;Cukierkowe szaleństwo.
576;Cycory nie z tego świata.
577;Czarnuch.
578;Czarnoskóry wampir.
579;Czarna połowa Baracka Obamy.
580;Cycuszki.
581;Czarny 20-letni mężczyzna, ostatnio widziany w bluzie z kapturem.
582;Czarny Power Ranger.
583;Czkawka.
584;Czosnkowy oddech.
585;Cztery ramiona Vishnu.
586;Centaury.
587;Cezary Pazura.
588;Charyzma.
589;Chińska drużyna gimnastyczna.
590;Chocapic.
591;Chwytające za serce sierotki.
592;Ciężko pracujący cygan.
593;Cud porodu.
594;Cios podbródkowy.
595;Cybernetyczne ulepszenia.
596;Cygańska klątwa.
597;Czas dla siebie.
598;Czekanie do ślubu.
599;Czyngis-chan.
600;Czystki etniczne.
601;Cios poniżej pasa.
602;Cokolwiek sobie życzysz, Mamusiu.
603;Chiny.
604;Czarnoskóry przyjaciel.
605;Cheeki Breeki.
606;Samosąd.
607;Scjentologia.
608;Seks niespodzianka.
609;Seksowne walki na poduszki.
610;Seppuku.
611;Ser topiony.
612;Serce dziecka.
613;Sędzia Anna Maria Wesołowska.
614;Skalpowanie.
615;Skręt jądra.
616;Słodka zemsta.
617;Smsowanie.
618;Spektakularne mięśnie brzucha.
619;Solówki na saksofonie.
620;Spodnie bez tyłka.
621;Sokół z czapką na głowie.
622;Spontaniczne samospalenie.
623;Spontanicznie wyrwanie się do tańca i śpiewu.
624;Sprośne SMSy.
625;Spuszczanie się do basenu dziecięcych łez.
626;Sranie tam i z powrotem W nieskończoność.
627;Status mojego związku.
628;Steven Hawking mówiący świństwa.
629;Strach w czystej postaci.
630;Strzelanie do swoich.
631;Studia.
632;Suche wymioty.
633;Szczeniaczki.
634;Szczękościsk.
635;Szkieletor.
636;Ściąganie koszulki.
637;Śmiercionośny laser.
638;Śląsk.
639;Samobiczowanie.
640;Samookaleczanie.
641;Samuel L Jackson.
642;Scena śmierci Mufasy.
643;Świństwa, z których robione są hamburgery z McDonalda.
644;Sekretna formuła ostatecznego zaspokojenia kobiety.
645;Seks kometa z Neptuna pogrążająca Ziemię w wiecznej seksualności.
646;Seks na wierzchu pizzy.
647;Seksowne bliźnięta syjamskie.
648;Seksowne szeptanie.
649;Sieć kłamstw.
650;Sieć restauracji Magdy Gessler.
651;Słowa, słowa, słowa.
652;Smoczek we krwi.
653;Smutny, gruby, nie mający przyjaciół smok.
654;Sosnowiec.
655;Specjalny gość muzyczny, Maryla Rodowicz.
656;Sperma.
657;Spocony, zdyszany dominator seksualny.
658;Spodnie w khaki.
659;Spojlery.
660;Spokojny i niegroźny rozwój Podkarpacia.
661;Spontaniczny taniec Konga.
662;Sposób by zarobić 6000 zł bez wychodzenia z domu.
663;Sposób bycia białych ludzi.
664;Sprzedawanie kupionych taniej rzeczy na Allegro.
665;Stara kurwica.
666;Statystycznie potwierdzone stereotypy.
667;Stos wijących się ciał.
668;Syndrom poobozowy.
669;Syndrom sztokholmski.
670;Systematyczne niszczenie wszystkich ludzi, i ich sposobu życia.
671;Szalone tricki podczas grania w Zośkę.
672;Szastanie kasą.
673;Szlam.
674;Szmata nasączona eterem.
675;Szukanie Walliego.
676;Szwadron moli noszących okulary lotnika.
677;Ślina.
678;Śmierć z rąk Stevena Seagala.
679;Średnio-mocny ból stawów.
680;Święty Mikołaj.
681;Schowek na miotły.
682;Słodcy chłopacy.
683;Sztuka.
684;SZEŚĆ CHOLERNYCH GODZIN PIERDOLONEJ DYPLOMACJI!!!!
685;Somsiad.
686;Darmowe próbki.
687;Darth Vader.
688;Dawanie z siebie 110%.
689;Delikatne pieszczoty wewnętrznej części uda.
690;Dezodorant AXE.
691;Dług publiczny.
692;Dokarmianie Magdy Gessler.
693;Dojrzewanie płciowe.
694;Dokładnie to czego się spodziewasz.
695;Donald Tusk.
696;Drożdże.
697;Duchy.
698;Dwóch karłów srających do wiadra.
699;Dzieci na smyczy.
700;Dzieci z rakiem odbytu.
701;Dzieci.
702;Dziecięce konkursy piękności.
703;Dziurawa prezerwatywa.
704;Dziurawe ręce.
705;Darmowe lody, joł.
706;Darmowy lodzik.
707;Dennis Rozrabiaka.
708;Depresja.
709;DNA Czyngis Chana.
710;Dopalony egzoszkielet.
711;Dopracowana krytyka.
712;Dosłownie jedzenie gówna.
713;Drugie terminy.
714;Drużyna pierścienia.
715;Drużyna prawników.
716;Duch Ojca Chrzestnego.
717;Dzień, w którym ptaki zaatakowały.
718;Dziewczyny, które wiecznie smsują.
719;Dżafar.
720;Dobre pytanie, też chciałbym to wiedzieć.
721;Do widzenia.
722;Donald Trump.
723;Dentysta.
724;Drzewa.
725;Dupna katastrofa.
726;Dużo, dużo aborcji.
727;Danie wegetariańskie.
728;Pac-man tryskający spermą w amoku.
729;Palcówka.
730;Palenie się.
731;Papież.
732;Paplanie.
733;Paradoks podróży w czasie.
734;Parowóz Tomek.
735;Pasywnoagresywne ogłoszenia.
736;Pedofile.
737;Petting.
738;Picie w samotności.
739;Pieczenie odbytu.
740;Piercing genitaliów.
741;Pierdzenie i odchodzenie.
742;Pierdzenie pochwą.
743;Piękni ludzie.
744;Piloci kamikaze.
745;Piły łańcuchowe zamiast rąk.
746;Piotr Adamczyk.
747;Pobudka na parkingu będąc na wpół nagim.
748;Pochwa Marii Czubaszek.
749;Poddaństwo.
750;Podrywanie dziewczyn w klinice aborcyjnej.
751;Pokój na świecie.
752;Policyjna przemoc.
753;Popuszczenie w majtki.
754;Porno z mackami.
755;Potajemne drapanie się po tyłku.
756;Potężne uda.
757;Pracownicy działu obsługi klienta.
758;Prawdziwe znaczenie świąt.
759;Problemy z erekcją.
760;Propaganda homoseksualna.
761;Przeciwstawne kciuki.
762;Przekazywanie dalej niechcianych prezentów.
763;Przerażające wypadki podczas laserowego usuwania włosów.
764;Przyjaciele z bonusem.
765;Przytulanie.
766;Pszczoły.
767;Ptaki nieloty.
768;Pterodaktyle jaja.
769;Publiczne ośmieszenie.
770;Puszczanie oczek do starszych ludzi.
771;Pan Kleks.
772;Pas tatusia.
773;Pełna micha sałatki ziemniaczanej.
774;Picie kilku Tigerów pod rząd aby mieć energię na cały tydzień.
775;Pierd.
776;Pierogi.
777;Pierre Dzoncy, królewski przydupas.
778;Piniata pełna skorpionów.
779;Piwne granaty.
780;Zapach Andrzeja Dudy.
781;Pidżama Porno.
782;Pluton do produkcji broni atomowej.
783;Pocałunek w usta.
784;Pochwa będąca portalem do innego wymiaru.
785;Podskakiwanie.
786;Podstawowa ludzka przyzwoitość.
787;Podwójna penetracja.
788;Policjant, który jednocześnie jest psem.
789;Polityczne grzęzawisko jakim jest Bliski Wschód.
790;Pompowanie dziecka co dziewięć miesięcy.
791;Poniżanie seksualne.
792;Posiadanie penisa.
793;Powstanie z grobu.
794;Potęga.
795;Powód żeby nie popełniać samobójstwa.
796;Posiadanie strzelb zamiast nóg.
797;Problemy intymne.
798;Prochy dziadka.
799;Prymitywny seks, jaki właśnie uprawiają twoi rodzice.
800;Przemoc, przekleństwa i trochę erotyki.
801;Pożarcie żywcem przez Magdę Gessler.
802;Prawdziwa jaszczurka, która strzela krwią z oczu.
803;Prawie dawanie pieniędzy bezdomnym.
804;Prezentacja w PowerPoint.
805;Przemyślanie każdego zachowania żeby nie wyjść na homoseksualistę.
806;Przepraszanie.
807;Przerwa wakacyjna!
808;Przezwyciężenie swojego ojca.
809;Pierdzenie podczas uprawiania jogi.
810;Podział obowiązków Ona zmywa, a ty dokładasz brudne talerze.
811;Poka sowę.
812;Podczas ostatniej Imprezy.
813;Prawo do bycia idiotą.
814;Potęga ciemnej strony Mocy.
815;Praca domowa.
816;Przytłaczająca samotność.
817;Puszka Pringles® pełna krzyków.
818;Hasanie.
819;Homoerotyczna scena gry w siatkówkę.
820;Hot-dogi za 1zł.
821;Huragan Katrina.
822;Hipsterzy.
823;Hipsterzy paleni w imię starożytnego niebiańskiego połączenia do gwiezdnej prądnicy w maszynerii nocy.
824;Igraszki.
825;Imprezowi cyganie.
826;Istnienie.
827;Zwolennicy Ku Klux Klanu.
828;Żart, który jest zbyt śmieszny by kobiety mogły go zrozumieć.
829;Wróżka obrzezuszka.
830;Aborcyjny niedobitek.
831;Adoptowanie dziecka tylko po to, by porzucić je w galerii handlowej.
832;Uchwyty do trzymania mojej pyty.
833;Ujemne IQ.
834;Allah.
835;Stowarzyszenie Amatorów Nieletnich Ciał.
836;Żółty śnieg.
837;Karny kutas.
838;Autystyczni Power Rangers.
839;Babcine seksrady.
840;Ucieczka sprzed ołtarza.
841;Białystok.
842;Biedawczasy.
843;Bitwa o jedzenie w domu starców.
844;Wypełnianie PIT-u.
845;Branie z połykiem dla szpanu.
846;Brązowy zmaz, który niekoniecznie jest śladem po czekoladzie.
847;Brzydkie koleżanki.
848;Budowa kolejnego meczetu.
849;Budyń.
850;Wyprzedaż w sierocińcu.
851;Buty na rzepy.
852;Bycie jedyną białą, samicą w barze pełnym erasmusów.
853;Bycie pedałem za kasę.
854;Związki zawodowe pracowników fabryk gadżetów erotycznych.
855;Używanie gazu pieprzowego jako dezodorantu.
856;Cellulit.
857;Ceny paliw.
858;Chędożenie trupa.
859;Chłostanie byka.
860;Chujów sto.
861;Inwentaryzacja haremu.
862;Ciepłe, mokre babcine buziaki.
863;Cios w szczepionkę.
864;Zwalnianie pracowników za pomocą katapulty.
865;Zbrodnie wojenne.
866;Cygańskie biznesy.
867;Zdrajca rasy.
868;Czeski imperializm.
869;Czopki z gwintem.
870;Zdzirowata córka.
871;Ćwiczenie mięśni Keggla w miejscu pracy.
872;Dachowanie drezyny z cyganami.
873;Defraudacja pieniędzy Caritasu.
874;Demonicznie u opętany toster.
875;Deskorolka na pedały.
876;Dobór naturalny.
877;Doktorat z socjologii.
878;Dopochwowe kaszlnięcie.
879;Dosypywanie Viagry do kaszek dla niemowląt.
880;Zezwolenie na kontrolowany odstrzał Aborygenów.
881;Drift łodzią podwodną.
882;Rydwan na baterie.
883;Drużyna Actimela.
884;Dziekanat.
885;Dziesięcina.
886;Dziewiczy wąs.
887;Dziura budżetowa.
888;Dżihad.
889;Ekskluzywne wibratory o kształcie leśnych zwierzątek.
890;Striptiz na stypie k.
891;Epidemia dżumy tw.
892;Erotyczne sny z udziałem woich najbliższych.
893;Złapanie choroby wenerycznej podczas masturbacji.
894;Adopcja na odległość.
895;Faszyzm.
896;Śmietana szefa kuchni.
897;Żyletki w cukierkach.
898;Gender.
899;Germanizacja.
900;Glutaminian sodu.
901;Górniczo-hutnicza orkiestra dęta.
902;Życie na kredyt.
903;Granie w Tetris ciałami zamrożonych dziadków.
904;Grube dziewczyny w leginsach.
905;Gułag.
906;Gwałtowóz.
907;Sraczka.
908;Hipsterstwo.
909;Zhierarchizowana kolejność nalewania wódki.
910;Holokaust.
911;Ilustrowany atlas pestycydów.
912;Imieniny u cioci.
913;Impotencja.
914;Zobaczenie babci nago.
915;Jagodzianki z truskawkami.
916;Zespół Napięcia Przedmiesiączkowego.
917;Jazda na rowerze bez siodełka.
918;Zrzucenie ciężarnej ze schodów.
919;Gwałt na studniówce.
920;Kalambury w psychiatryku.
921;Karmienie piersią jednocześnie pijąc browar.
922;"Karta: ""Wychodzisz wolny z więzienia""."
923;Karygodny taniec godowy.
924;Kaszubska pieśń patriotyczna.
925;Katechizm kolorowanka.
926;Kiełbasa śląska.
927;Kierowcy BMW.
928;Zatrzaśnięcie się w drzwiach obrotowych.
929;Kisiel.
930;Klawisz urządzający wyścigi rzędów w więzieniu o zaostrzonym rygorze.
931;Kleszczowe zapalenie mózgu.
932;Kobieta za kierownicą.
933;Piasek w pochwie.
934;Kokaina.
935;Kolekcjonowanie chorób wenerycznych.
936;Kolonia karna.
937;Kolonializm.
938;Wyższe wykształcenie.
939;Komunizm.
940;Konserwant E 953.
941;Kopanie tunelu do Chin.
942;Dziwki, koks, tajski boks.
943;Kreatywna księgowość.
944;Szara breja, która podtrzymuje kardynała Dziwisza przy życiu.
945;Toksyczny związek.
946;Kutasosanki.
947;Leczenie HIV ibupromem.
948;Wyjściowy dres.
949;Logicznie myśląca kobieta.
950;Flaszka niedopitka.
951;Ładne Niemki.
952;Ładowanie w cewkę moczową.
953;Łysy z Brazzers.
954;Jasełka w KGB.
955;Margaryna.
956;Marsz trędowatych.
957;Zboczone opowieści weterynarza.
958;Matka Teresa wrzucająca Murzynów do zbiornika z rekinami.
959;Mąż utrzymanek.
960;Niewolnictwo fair trade.
961;Wybielanie Murzynów.
962;Miejsce do którego wędruje Włóczykij.
963;Mikołaj Kopernik siadający gołą dupą na mrowisku.
964;Mimowolne słyszenie rodziców podczas seksu.
965;Mineta na sucho.
966;Mikrosutki.
967;Wypadek podczas palcówki.
968;Moja była.
969;Mokry sen.
970;Moment w którym feministki mają rację.
971;Używanie karłów jako podłokietników.
972;Motylek roznoszący HIV.
973;Mój były.
974;Mój dziwny brat.
975;Zabawa w chowanego na OIOM-ie.
976;Mój zaganiacz na ośmiogodzinnej warcie.
977;Mściwe ruchanie.
978;Murzyn albinos.
979;Musztarda bez akcyzy.
980;Zarażenie się ciążą.
981;Nadgorliwe badanie prostaty.
982;Nagi Conan i jego mały barbarzyńca.
983;Nagrzana po poprzednim użytkowniku deska sedesowa.
984;Najazd Azteków.
985;Naleśniki z wpierdolem.
986;Chujnia z chlebem.
987;Tarło węży.
988;Erekcja ojca.
989;Nielegalni imigranci.
990;Niepoprawny drągal.
991;Sfałszowane wybory parlamentarne.
992;Zapomniana przez wszystkich ekologów dziura ozonowa.
993;Niespodziewana wizyta rodziców.
994;Niesrogi autyzm.
995;Zbereźne szeptanie.
996;Obliczanie całki.
997;Obóz śmierci.
998;Ociekanie zajebistością.
999;Oglądanie filmów porno dla fabuły.
1000;Opierdol od pani psycholog z Rozmów w Toku.
1001;Oporny anal.
1002;Orgie drwali.
1003;Wzgórze gwałtów.
1004;Owoce Jogobelli.
1005;Palec grzebalec.
1006;Papież po zawodówce.
1007;Zanikający polski przemysł.
1008;Parkowanie mojego różowego Poloneza w twoim garażu miłości.
1009;Emerytura ZUS.
1010;Zatwardzenie.
1011;Pierd z farszem.
1012;Pierwsza komunia.
1013;Pierwsza miłość.
1014;Pierwszy wzwód.
1015;Sabotaż Gryfndoru.
1016;Wzbogacony uran.
1017;Pijany trójkącik z nauczycielami z mojego liceum.
1018;Pisiont groszy.
1019;Plaga bezdomnych.
1020;Plan minimum.
1021;Pleśń.
1022;Płaca minimalna.
1023;Płaskostopie.
1024;Płatny wolontariat.
1025;Pełne wstydu oraz niebezpieczeństw katolickie obciąganie.
1026;Komitet Partii w Komunistycznej.
1027;Podcieranie się konwencją praw człowieka.
1028;Wynurzający się peryskop podczas kąpieli w wannie.
1029;Polki dające Murzynom i Arabom.
1030;Popijanie ibupromu majonezem.
1031;Poranny drągal.
1032;Porno w kodzie Morse'a.
1033;Wsteczne kolana.
1034;Pozbycie się dziewictwa na własną rękę.
1035;"Półamatorska brygada remontowobudowlana ""Szwagier""."
1036;Prawdziwy Polak.
1037;Prewencyjne kastrowanie uchodźców.
1038;Przedwczesny wytrysk.
1039;Przegłosowanie kolejnego rozbioru Polski.
1040;Przerabianie bezdomnych na mobilne punkty Wi-Fi.
1041;Radioaktywni grzybiarze.
1042;Wewnętrzna warstwa tłustej, śliskiej substancji przeciwpotnej.
1043;Przyjaźń damsko-męska.
1044;Nowy, inwazyjny gatunek paprotki.
1045;Przypadkowe zapłodnienie teściowej.
1046;Przypadkowy gwałt.
1047;Radom.
1048;Rasista daltonista.
1049;Rasistowska staruszka.
1050;Reglamentacja żywności w sierocińcu.
1051;Waginowe miętówki - Mięta dla twojej waginy.
1052;Reporterzy TVN.
1053;Ridge Forrester spuszczający się na twoje drzwi.
1054;Rodzinna sprzeczka.
1055;Rodzinne odlewanie się na groby przodków.
1056;Bezcenny argentyński kaktus.
1057;Rosja.
1058;Rosyjska super-ebola.
1059;Rozstanie się z miłością swojego życia.
1060;Równe płace dla kobiet i mężczyzn.
1061;Wodzirej grupowej masturbacji w kółeczku.
1062;Rwanie na dywanie.
1063;Rzut liliputem.
1064;Rżnięcie.
1065;Dziurawy durszlak.
1066;Tiramisu, że aż jaja bolą.
1067;Samotne pójście na studniówkę.
1068;Sandały z azbestu.
1069;Wchodzenie na sucho.
1070;Seks bez zabezpieczeń na cześć Mojżesza.
1071;Seksualna abstynencja.
1072;Wkładanie sera do odtwarzacza DVD.
1073;Kolejna nieudolna reforma NFZ.
1074;Seryjny samobójca.
1075;Sielskie czasy segregacji rasowe.
1076;Sikanie ej do umywalki.
1077;Silna i niezależna kobieta, która nie potrzebuje mężczyzny.
1078;Składanie CV do burdelu.
1079;Składanie skrzeku w kałuży.
1080;Skolioza odbytu.
1081;Testowanie wytrzymałości przyszłego męża.
1082;Współczesne polskie kabarety.
1083;Skurcz pochwy.
1084;Skwiercząca, seksualna odyseja z uczniami katolickiej szkoły.
1085;Słodkie słówka.
1086;Smalczyk.
1087;Solówka po lekcjach.
1088;Kożuch z mleka.
1089;Sos Barbeque na moich cyckach.
1090;Spawacz-ginekolog.
1091;Spięcie w respiratorze.
1092;Utytłany czekoladą chomiczek.
1093;Społeczne niezadowolenie.
1094;Ciche dni.
1095;Sprawdzian z pszyry.
1096;Sprzedanie się.
1097;Sranie z drabiny.
1098;Stara raszpla.
1099;Starcze wzwody.
1100;Staropanieństwo.
1101;Stopa w dupie.
1102;Wesele w McDonaldzie.
1103;Wytwórnia niskogatunkowych wyrobów alkoholowych „Akademik”.
1104;Strzyżenie przydomowego trawnika jednorazową maszynką do golenia.
1105;Studniówka w poprawczaku.
1106;Stwardnienie rozsiane.
1107;Klaun pogrzebowy.
1108;Szczepionka na bezdomność.
1109;Szmatka nasączona chloroformem.
1110;Pomoc społeczna.
1111;Szpitalne kolejki.
1112;Szpitalne żarcie.
1113;Ostateczne wytępienie Indian.
1114;Szturm rebeliantów na rządowe targowiska z krabami.
1115;Szwadron emerytów na wózkach widłowych.
1116;Ściąganie na teście ciążowym.
1117;Zsyłka na Sybir.
1118;Śląscy naukowcy.
1119;Świąteczna promocja w domu publicznym.
1120;Ta dziwna zabawa w zapasy z wujkiem Staszkiem.
1121;Ta niebieska ciecz z reklam tamponów.
1122;Ta ruda zdzira obciągająca każdemu, tylko nie tobie.
1123;Tajna plantacja rzeżuchy.
1124;Tak twarda woda, że gdy bierze się prysznic, to dostaje się wpierdol.
1125;Sidła na dzieci.
1126;Tańce ruchańce.
1127;Tańczenie makareny na polu minowym.
1128;Tatuowanie genitaliów.
1129;Te 9 na 10 osób, które są zadowolone ze zbiorowego gwałtu.
1130;Ten pierdolnik.
1131;Ten pierwszy raz.
1132;Używanie kleju zamiast wazeliny.
1133;Topielec w kadzi sosu.
1134;Trądzik młodzieńczy.
1135;Warszawa.
1136;Serowe prezerwatywy.
1137;Trzcina cukrowa.
1138;Nadużycie władzy.
1139;Tupiące dzieci na wózkach inwalidzkich.
1140;Pożar podczas powodzi.
1141;Twoja stara.
1142;Twój stary.
1143;Tymczasowy syndrom Downa.
1144;Zez rozbieżny.
1145;Wichajster.
1146;Ustawa znosząca biedę.
1147;Udar mózgu podczas srania.
1148;Udawanie pedała by nie iść do wojska.
1149;Wykręcenie sutka.
1150;Unijne dotacje.
1151;Upolowanie dzidą sklepowej szynki.
1152;Uprzedmiotowienie kobiety.
1153;Te 9 na 10 osób zadowolonych z gwałtu.
1154;(﻿ ͡° ͜ʖ ͡°).
1155;10 000 wrzeszczących nastoletnich dziewic.
1156;10 piłkarzy z erekcją walczących z tobą na pełnych obrotach.
1157;11.09.2001.
1158;200 lat niewoli.
1159;3,7 miliarda lat ewolucji.
1160;400 lat okrucieństw kolonialnych.
1161;45 minut strzelania palcami.
1162;70 000 graczy pocących się i pierdzących w szczelnej stalowej kopule.
1163;8 uncji meksykańskiej heroiny czarnej smoły.
1164;Pytania o charakterze rasistowskim.
1165;Toksyczna męskość.
1166;Mój szef.
1167;Trzy kutasy jednocześnie.
1168;Wielki Kryzys.
1169;Mój status w związku.
1170;9000 dzieci, które dziś umrą z głodu.
1171;AIDS.
1172;Opieka hospicyjna.
1173;Terapia konwersyjna gejów.
1174;Aborcja murzynki u meksykańskiego lekarza cyborga.
1175;Aborcja.
1176;Rozpływanie się w nicość.
1177;Pieprzyć moją siostrę.
1178;Dartha Vadera.
1179;Splatanie trzech penisów w Twizzlera.
1180;GoGurt.
1181;Moja gruba córka.
1182;Ręczna robota Asada.
1183;Energiczne ręce jazzowe.
1184;Brutalność policji.
1185;Adoptowanie dziecka tylko po to, żeby porzucić je w galerii handlowej.
1186;Aleksandria Ocasio-Cortez.
1187;Stary facet, który prawie nie żyje.
1188;Kanye Westa.
1189;Alternatywny wszechświat, w którym pudełka trzymają rzeczy wewnątrz ludzi.
1190;Jakaś suka, która kocha ananasa.
1191;Płód.
1192;Autobus, który eksploduje, jeśli przekroczy 50 mil na godzinę.
1193;Baby z nosa.
1194;Biblia Święta.
1195;Gandhiego.
1196;Brak ocalałych.
1197;Broń grawitacyjna.
1198;Budowa.
1199;Budzę się półnagi na parkingu Denny’ego.
1200;Pieprzona tona migdałów.
1201;Bycie cholernie żałosnym.
1202;Karen.
1203;Ślub, posiadanie kilkorga dzieci, kupno kilku rzeczy, wyjazd na Florydę i śmierć.
1204;Bycie emocjonalnie i fizycznie zdominowanym przez Gordona Ramsaya.
1205;Bóg.
1206;Ból głowy, który zdecydowanie jest rakiem.
1207;Ból istnienia.
1208;Kontrola urodzeń.
1209;Smegma.
1210;Cała kupa w moim ciele.
1211;Cała ta ciecz w moich ustach.
1212;Charyzmatyczny gej.
1213;Choroba umysłowa.
1214;Chuj.
1215;Chwytam mojego mężczyznę za uchwyty miłosne i rucham go w wielki tyłek.
1216;Paskudne gówno, naprawdę chore.
1217;Wypycham mój siusiu Tic Tacami.
1218;Chłodny, orzeźwiający smak Pepsi.
1219;Banany.
1220;Ptaki nielotne.
1221;Wzdrygać się.
1222;Niekończący się strumień biegunki.
1223;Dobre powąchanie.
1224;Przybycie pizzy.
1225;Oprah.
1226;U mnie bąbelki.
1227;Trwałe zaburzenie orgazmu i twarzy.
1228;Ciało 46-letniego mężczyzny.
1229;Cis-mężczyzna grający transpłciową kobietę.
1230;Sam Diabeł.
1231;Społeczność w Chrystusie.
1232;Przenoszenie narkotyków z ulicy do mojego organizmu.
1233;Czekam do ślubu.
1234;Zbawienie.
1235;Moja żona uprawia seks z twoją żoną.
1236;Pyszny dupek Daniela Radcliffe’a.
1237;NFT.
1238;Zaburzenie erekcji.
1239;Iluzja wyboru w późnym stadium społeczeństwa kapitalistycznego.
1240;Wiele nietoperzy.
1241;Gorący Azjaci.
1242;Wstyd.
1243;Żałosna wymówka dla ojca.
1244;Co to znaczy być Żydówką we współczesnym społeczeństwie.
1245;Wynurzają się z morza i szaleją w Tokio.
1246;Pierdnięcie tak potężne, że budzi gigantów z tysiącletniego snu.
1247;Składanie jajka.
1248;Były prezydent George W.
1249;Rozbieranie się i oglądanie Nickelodeon.
1250;Czarna twarz.
1251;Czarna śmierć.
1252;Czarni ludzie.
1253;Jakiś punkowiec, który ukradł moją kanapkę z indykiem.
1254;Południe.
1255;Bycie kobietą.
1256;Wzruszające sieroty.
1257;Naruszenie naszych najbardziej podstawowych praw człowieka.
1258;Dobry, silny goryl.
1259;Czekolada na moim penisie.
1260;Czternastolatka karmiąca piersią.
1261;Czytanie całej książki.
1262;Czytanie całej umowy licencyjnej użytkownika końcowego.
1263;Człowiek w kształcie pudełka.
1264;Człowiek, który jest tak fajny, że jeździ na motocyklu.
1265;Demonicznie opętany toster.
1266;Dobrowolny seks ze swoim ojcem.
1267;Dopasowanie do swojej mamy na Tinderze.
1268;Dotykanie mopsa bezpośrednio na jego penisie.
1269;Patriarchat.
1270;Nie mając na sobie spodni.
1271;Drobne kłopoty ziemskiej szlachty.
1272;Druidzi.
1273;Dwa pieprzące się ze sobą wieloryby.
1274;Dwadzieścia cheerleaderek śmiejących się z twojego małego penisa.
1275;Dwie piękne świniowate siostry.
1276;Długie spotkanie biznesowe bez wyraźnego celu.
1277;Ebola.
1278;Egzemplarz Mein Kampf z autografem Adolfa Hitlera należący do Donalda Trumpa.
1279;Epidemia dżumy.
1280;Erotyczne sny z udziałem twoich najbliższych.
1281;Erekcja trwająca dłużej niż cztery godziny.
1282;Ewentualny muzułmanin.
1283;Ewolucja labiryntowej pochwy.
1284;Fajne, związane nastolatki z rakiem.
1285;Fantazja każdego człowieka: idealnie cylindryczna pochwa.
1286;Filc.
1287;Finał sezonu panieńskiego.
1288;Rasistowski sos naleśnikowy cioci Jemimy.
1289;Foch.
1290;Futurystyczne sporty śmierci.
1291;Geje.
1292;Gejowski czarnoksiężnik, który zmienia wszystkich w homoseksualistów.
1293;Genetyczne predyspozycje do alkoholizmu.
1294;Ghoul.
1295;Grube dziewczyny w legginsach.
1296;Gęsi.
1297;Głuchy.
1298;Mam udar.
1299;Tampon z mojej pochwy.
1300;Głód.
1301;Hawajska bogini Kapo i jej latająca odpinana pochwa.
1302;Hesus Hernandez Martinez el Contador junior.
1303;HIV.
1304;Hiszpańska inkwizycja.
1305;Hot-dog, którego włożyłam do mojej pochwy dziesięć dni temu.
1306;III wojna światowa.
1307;ISIS.
1308;Ilość małych marchewek, którą mogę zmieścić w dupie.
1309;Ja.
1310;Jak czytać przyszłość z Psycho-dropsów.
1311;Jakieś pieprzone solówki na gitarze.
1312;Jakiś skoncentrowany obóz dla ludzi.
1313;Jazz.
1314;Jeb!
1315;Jedna niezapomniana noc namiętności.
1316;Kalaor.
1317;Kanapka z chlebem.
1318;"Karta ""Wychodzisz wolny z więzienia""."
1319;Kawałki gównianych kartek świątecznych bez pieniędzy.
1320;Klonowanie Hitlera.
1321;Prawdziwe ludzkie połączenie.
1322;Kolejny gówniany rok.
1323;Komentarze na Youtube.
1324;Komitet Partii Komunistycznej.
1325;Kosmiczny rasizm.
1326;Kosmiczny robak, który pożera planety, imieniem Rachel.
1327;Kozy krzyczące jak ludzie.
1328;Krampus, austriacki bożonarodzeniowy potwór.
1329;Krasnolud, który nie pozostawi Cię w spokoju, dopóki nie porównasz rozmiaru penisa.
1330;Krem nieśmiertelności.
1331;Krytyczna teoria rasy.
1332;Ośmiornica wykonująca siedem robótek ręcznych i paląca papierosa.
1333;Kukurydza.
1334;Kulka woskowiny, nasienia i wycinków paznokci u nóg.
1335;Mały chłopiec, który nie przestanie gadać o dinozaurach.
1336;Kupowanie wirtualnych ubrań dla rodziny Simsów zamiast prawdziwych ubrań dla prawdziwej rodziny.
1337;Kwakanie jak kaczka zamiast używania przekonującej argumentacji.
1338;Kąpanie się nago w księżycowym gaju.
1339;Ledwo zarabia 25 000 rocznie.
1340;Mój agresywny chłopak, który naprawdę nie jest taki zły, kiedy go lepiej poznasz.
1341;Homoerotyczny montaż siatkówki.
1342;Liberałowie.
1343;Horda Wikingów.
1344;MUKA.
1345;Makao na śmierć i życie.
1346;Malejąca czystość białej rasy.
1347;Maleńkie, zrogowaciałe ręce chińskich dzieci, które stworzyły tę kartę.
1348;Mama.
1349;Masoni.
1350;Małe, zjełczałe dziewczęce pierdy.
1351;Mały koń.
1352;Brązowi ludzie.
1353;Mały strażak, który gasi drobne ogniska.
1354;MechaHitler.
1355;Mikroświnka ubrana w mały płaszcz przeciwdeszczowy i buciki.
1356;Fantazje drwala.
1357;Milion aligatorów.
1358;Miska majonezu i ludzkie zęby.
1359;Prawdziwy sens Świąt.
1360;Dziewczyny.
1361;Miękki, całusowy seks misyjny.
1362;Leki przeciwbólowe na receptę.
1363;Modny tryb dla nudystów Super Mario World.
1364;Moja jasnoróżowa dziura.
1365;Mój ulubiony skorpion, Tina.
1366;Dwayne The Rock Johnson.
1367;Moja skomplikowana historia, o której wkrótce się dowiesz.
1368;Moje jaja na twojej twarzy.
1369;Zmiażdżenie między udami Sereny Williams.
1370;Moja była żona.
1371;Cała enchilada.
1372;Włosi.
1373;Małe cycuszki, które mówią Yippee! kiedy ich dotkniesz.
1374;Władimir Putin.
1375;Mój napalony, napalony synu.
1376;Korporacyjna Ameryka.
1377;Kobiecy orgazm.
1378;Hasło do Wi-Fi.
1379;Protestujący pro-life.
1380;Kokaina na lunch.
1381;Heteronormatywność.
1382;Podróżujący w czasie chiński generał z dynastii Shang.
1383;Złe wybory życiowe.
1384;Moment, w którym feministki mają rację.
1385;Morfeusz.
1386;Mulat, albinos, komar i moje libido.
1387;Muzyka rockowa i seks przedmałżeński.
1388;Mój dobry stanik.
1389;Płynę w dół rzeki Hudson z innymi śmieciami.
1390;Mokre sny.
1391;Te motyki.
1392;Republikanie.
1393;Jedyny gej w promieniu stu mil.
1394;Mój dziadek na plaży nudystów.
1395;Mój penis w twoich ustach.
1396;Mój uprzywilejowany biały penis.
1397;Mój zdradzający, skurwiel, mąż.
1398;Uprawianie seksu po raz pierwszy.
1399;Karabin szturmowy AR-15.
1400;Męskie mięso.
1401;Podbijam mój floper.
1402;Dosłownie błagam o śmierć.
1403;Męskie spojrzenie.
1404;Mężczyzna w średnim wieku na rolkach.
1405;Nienawiść do siebie.
1406;Mężczyźni omawiający swoje uczucia w zdrowy emocjonalnie sposób.
1407;Kończy się nasienie.
1408;Nadepnięcie klocka LEGO.
1409;Nagła i niechciana poezja ze slumsów.
1410;Nagła utrata penisa.
1411;Najgorętsze MILF w Dallas.
1412;Nawiedzające spojrzenie irackiego dziecka.
1413;Nic.
1414;Nicolasa Cage’a.
1415;Jakkolwiek.
1416;Eksplozje.
1417;Nie szczepię swoich dzieci, bo jestem głupia.
1418;Nasz wibrator.
1419;Inwazja na Polskę.
1420;Nie spać, zwiedzać, ZAPIERDALAĆ!!!
1421;Niedopita flaszka.
1422;Okruszki na całym cholernym dywanie.
1423;Ptak, który sra ludzkimi odchodami.
1424;Niemiecka gra planszowa, w której najeżdżasz Polskę.
1425;Niepokalane poczęcie.
1426;Niepokalany odbyt Królowej Elżbiety.
1427;Nieprzerwana historia imperializmu i wyzysku.
1428;Niesłyszalne krzyki marchewek.
1429;Nieudacznik taki jak ty.
1430;Człowiek Kool-Aid.
1431;Karmię truskawkami moją dziwkę.
1432;Niezwykłe zabawki, które sprawiają, że dzieci nie odczuwają żadnych emocji.
1433;Nuda.
1434;Obalenie demokratycznie wybranego rządu Chile.
1435;Ocet.
1436;Obudzenie się w środku tornada.
1437;Odblokowanie nowej pozycji seksualnej.
1438;Odcinanie flamingom nóg przy użyciu nożyc ogrodowych.
1439;Odkrycie, że moim celem w życiu jest zabijanie ludzi i uprawianie seksu z ich ciałami.
1440;Odsłonięcie mojego masywnego koguta.
1441;Odważna kontynuacja tego rasistowskiego komentarza.
1442;Oglądanie lmów porno dla fabuły.
1443;Ojciec i syn walczący ze sobą o resztki chleba.
1444;Olbrzymi mechaniczny ptak z tragiczną historią.
1445;Osiągnięcie sukcesu reprodukcyjnego.
1446;Otwartość na nowe perspektywy Holocaustu.
1447;Pac-Man w niekontrolowany sposób pożera spermę.
1448;Wspieranie dzieciaka w Buicku.
1449;Adderall.
1450;Moja szyja, moje plecy, moja cipka i mój pęknięcie.
1451;Kobiety kolorowe.
1452;Sikam do spragnionych ust.
1453;Twoja mama.
1454;Power i jego współpracownicy.
1455;Pajęczy strumień wytrysku, który łapie światło, przemykając łukiem przez poranne powietrze.
1456;Trąd.
1457;Piksele bukkake.
1458;Gloryhole.
1459;Całe życie w smutku.
1460;Wściekłość menstruacyjna.
1461;Branie narkotyków z moimi dziećmi.
1462;Rytmy Afryki.
1463;Ostrza sutków.
1464;Umowa o zachowaniu poufności.
1465;Słońce i tęcze.
1466;Mój najlepszy przyjaciel wesoły.
1467;Pangenderowa ośmiornica przemierzająca kosmos w poszukiwaniu miłości.
1468;Zdjęcia cycków.
1469;Cała masa masła.
1470;Silne postacie kobiece.
1471;Epidemia opioidów.
1472;Cyjanek.
1473;Pachnie spermą.
1474;Wciąż będąc dziewicą.
1475;Ścięcie głowy przez helikopter.
1476;Zazdrość o penisa.
1477;KKK.
1478;Jak daleko mogę wsunąć własnego penisa w tyłek.
1479;Danny'ego DeVito.
1480;Patrzenie na spaloną wioskę i zamordowanych mieszkańców.
1481;Penis tak duży i tak czarny, że nawet światło nie jest w stanie uciec.
1482;Pepsi w butelce po Coca-Coli.
1483;Pewne je ne sais quoi.
1484;Mówienie, że wszystko jest w porządku, gdy wyraźnie nie wszystko jest w porządku.
1485;Wąchając i całując moje stopy.
1486;Pełna nagość od przodu.
1487;Udając, że się przejmuję.
1488;Flaga Konfederacji.
1489;Pełna siła amerykańskiego wojska.
1490;Pełna szacunku dyskusja na temat rasy i płci w Internecie.
1491;PiS.
1492;Picie moczu, aby przeżyć.
1493;Picie z toalety i jedzenie śmieci.
1494;Moja brzydka twarz i zła osobowość.
1495;Bagienny tyłek.
1496;Suski klaps.
1497;Sztuczne cycki.
1498;Topienie dzieci w wannie.
1499;Krzyki... straszne krzyki.
1500;Pieniądze z ropy naftowej w Arabii Saudyjskiej.
1501;Widząc płaczącego ojca.
1502;Bill Nye, naukowiec.
1503;Pierdnięcie i odejście.
1504;Umierający.
1505;Pierwsze zjedzenie przez psa.
1506;Piję benzynę, żeby zobaczyć, jak smakuje.
1507;Niewłaściwe jodłowanie.
1508;Dojrzewanie.
1509;Robienie palców.
1510;Pikantna kanapka z kurczakiem Wendy’s.
1511;Pizza rano, pizza wieczorem, pizza w porze kolacji.
1512;Piżmo Daniela Olbrychskiego.
1513;Podglądanie ludzi uprawiających seks w samochodach zaparkowanych w miejscach publicznych.
1514;Podział obowiązków.
1515;Pogodzenie teorii kwantów z ogólną teorią względności.
1516;Policjanci z małego miasteczka z karabinami M-4.
1517;Popełnianie samobójstwa w starym wiejskim bufecie.
1518;Popijam kombuchę jak zadowolony z siebie kawał gówna.
1519;Seks ze zwierzętami.
1520;Wdychanie farby w sprayu.
1521;Jej Królewska Mość, Królowa Aman na temat facetów Assless.
1522;Czarny Jezus.
1523;Używanie prezerwatywy.
1524;Morderstwo.
1525;Poprawność polityczna.
1526;Powolne przesuwanie się w stronę ogórka.
1527;Praca w magazynie Amazon.
1528;Okrywam się parmezanem i płatkami chili, bo jestem pizzą.
1529;Posiadanie wielkich marzeń, ale brak realistycznego sposobu na ich osiągnięcie.
1530;Praca.
1531;Rzucanie winogronami w Amana, dopóki ten nie straci kontaktu z rzeczywistością.
1532;Zostać zmiażdżonym przez automat.
1533;Przedwczesny wytrysk jak totalny przegryw.
1534;Przekazywanie pieniędzy i danych osobowych nieznajomym przez Internet.
1535;Przeniesienie skazanych do Australii.
1536;Przerażone, grube dziecko, które nie wyjdzie z krzaków.
1537;Przeszłość.
1538;Brak odwzajemniania seksu oralnego.
1539;Przeżyte doświadczenie Afroamerykanów.
1540;Przypływ cukierków.
1541;Ronalda Reagana.
1542;Jakkolwiek dużo zioła można kupić za 20 osób.
1543;Wargi, które mogłyby wyssać chrom z klamki.
1544;Przywracanie Niemiec do dawnej świetności.
1545;Płacz, sranie i jedzenie spaghetti.
1546;Płonący wrak Międzynarodowej Stacji Kosmicznej.
1547;Rak.
1548;Raniąc najbliższe mi osoby.
1549;Śmiejąc się przy kieliszkach szampana, podczas gdy biedni zamarzają na zewnątrz.
1550;Jeden cycek na wolności.
1551;Robienie gówna podczas biegania z pełną prędkością.
1552;Robię to w dupę.
1553;Wiatrak pełen trupów.
1554;Szklany sufit.
1555;Roboty, które po prostu chcą się bawić.
1556;Role filmowe dla aktorek powyżej 40 lat.
1557;Rosyjska ruletka pistoletem maszynowym.
1558;Rozpoczynanie gównianego protestu.
1559;Rozrywanie psa na pół.
1560;Rozwijanie drugorzędnych cech płciowych.
1561;Rzep.
1562;Sideboob.
1563;Opryszczka w ustach.
1564;Siedem osób nie żyje, trzy są w stanie krytycznym.
1565;Siedzieć mi na twarzy i mówić, że jestem śmieciem.
1566;Sielskie czasy segregacji rasowej.
1567;Sikanie do umywalki.
1568;Skarpety.
1569;Skrzydełka bawolego bez kości.
1570;Dokonywanie przestępstw.
1571;Strona internetowa.
1572;COVID 19.
1573;Napaść na funkcjonariusza policji.
1574;Ukrzyżowanie.
1575;Narzekanie.
1576;Porażający dług.
1577;Magnesy.
1578;Smak ołowiowej farby.
1579;Sowa.
1580;Spawaczginekolog.
1581;Spider-man składający setki jajeczek w ciele Kirsten Dunst.
1582;Społeczność LGBT.
1583;Sproszkowany płód.
1584;Spuszczanie się.
1585;Zdjęcia Dicka.
1586;Joe Bidena.
1587;Sranie po podłodze jak zła, bardzo zła dziewczyna.
1588;Sranie tam i z powrotem.
1589;Ssanie mleka prosto z wymion krowy.
1590;Ssanie penisa prezydenta.
1591;Ssanie sobie nawzajem penisów przez wiele godzin.
1592;Starożytna ateńska męska dziwka.
1593;Striptiz na stypie.
1594;Stworzenie stworzone z penisów, które muszą nieustannie się pobudzać, aby przeżyć.
1595;Suki.
1596;Super Nasączacz pełen kocich siusiów.
1597;Amputacje na polu bitwy.
1598;Nachos na stół.
1599;Szaleniec, który mieszka w budce policyjnej i porywa kobiety.
1600;Szalony orgazm odbytu.
1601;Słona niespodzianka.
1602;Seks za obopólną zgodą.
1603;Ta niesamowita nowa rzecz o nazwie LSD.
1604;Tede.
1605;Teoria płaskiej Ziemi.
1606;Texas.
1607;Trochę sikam.
1608;Trzy cycki.
1609;Trzyletnia sperma w pudełku po butach.
1610;Twarz pełna spermy konia.
1611;Ty chory zwyrolu.
1612;Ty.
1613;Tylko randki z Azjatkami.
1614;Oceniając wszystkich.
1615;Krab.
1616;Aktywni seksualnie maniacy zespołu.
1617;Całkowicie biała ława przysięgłych.
1618;Sprzedawanie cracku dzieciom.
1619;Ubój borsuków.
1620;Ubóstwo.
1621;Wyjaśnienie różnicy pomiędzy płcią a płcią.
1622;Udawanie bycia normalnym chłopakiem, gdy tak naprawdę jest się bogiem pająków.
1623;Udawanie, że jest się czarnym.
1624;Udział w dość poważnym wypadku samochodowym.
1625;Linie lotnicze Spirit.
1626;Ukrywanie się przed nazistami.
1627;Uprawianie seksu z mężczyzną, a następnie zjedzenie jego mózgu.
1628;Uran.
1629;W pełni ubrana postać kobiety w grze wideo.
1630;Waginowe miętówki.
1631;Wczołganie się do waginy.
1632;Wesele w McDonald's.
1633;Wesołe robótki lodziarskie.
1634;Wiadomości Foxa.
1635;Prawo wyborcze kobiet.
1636;Masowa strzelanina w tym miesiącu.
1637;Więź między kobietą a jej koniem.
1638;Wkładanie palca w odbyt.
1639;Woda.
1640;Wojownicy sprawiedliwości społecznej z miotaczami ognia współczucia.
1641;Worek marynarski pełen jaszczurek.
1642;Wrażliwy europejski fotograf, który pieprzy moją żonę.
1643;Wrzucenie dziewicy do wulkanu.
1644;Słuchanie jej problemów, bez próby ich rozwiązania.
1645;Rozrywam ten tyłek jak papier do pakowania w bożonarodzeniowy poranek.
1646;Wychowanie trójki dzieci na minimalnym wynagrodzeniu.
1647;Picie samotnie.
1648;Bezpańskie łono.
1649;Palce Dicka.
1650;Mięso końskie.
1651;Czcić tę cipkę.
1652;Mordowanie niewinnych cywilów.
1653;Z jakiegoś powodu trzymam młynek do pieprzu.
1654;Gorący ser.
1655;Wykorzystanie cudownej mocy atomu do uboju 200 000 Japończyków.
1656;Wypełnianie odbytu mężczyzny betonem.
1657;Wzywam policję w sprawie niewinnego czarnego mężczyzny.
1658;Chichocze jak dziewczyna z anime.
1659;Bycie kutasem dla dzieci.
1660;Wędrowanie po pustyni przez 40 lat.
1661;Wścieklizna.
1662;Zabawne i interesujące fakty dotyczące skał.
1663;Zakopywanie mojego jedynego syna.
1664;Zakładanie głównej religii świata.
1665;Zaoranie tej dupy jak hodowca kukurydzy swoje pole z Nowej Anglii.
1666;Zapominanie imienia babci.
1667;Zatrucie tlenkiem węgla.
1668;Zdawanie na prawo jazdy czołgiem.
1669;Zdelegalizowanie islamu.
1670;Ze wszystkich ludzi Bryan Cranston.
1671;Mikropenis.
1672;Gorący ludzie.
1673;Wspiąć się na słup telefoniczny i zjednoczyć się z siecią T-Mobile.
1674;Popełnienie zdrady stanu.
1675;Kipiący cichą urazą.
1676;Ogniste kupy.
1677;Cokolwiek jest w lodówce.
1678;Kolejkowanie.
1679;Mówiąc, że cię kocham.
1680;Wybielanie odbytu.
1681;Koce przeciw ospie.
1682;Mój niewolnik, Czarnuch.
1683;Wkładanie słoika Masona do mojego odbytu.
1684;Ruchanie meteorologa w telewizji na żywo.
1685;Zima nuklearna.
1686;Zombie z tragiczną historią.
1687;Zorganizowane oddziały Moherowych Beretów.
1688;Zupa Viagra, która jest za gorąca.
1689;Najbrzydszy chłopak w mieście.
1690;Wyjaśnienie, jak działają pochwy.
1691;Laureatka Oscara Meryl Streep.
1692;Kara śmierci.
1693;Kolejnego meczetu.
1694;Oraz dystansu do siebie i świata.
1695;Łowienie żywego łososia w usta.
1696;Świadomość, że jest już za późno by przerwać seks z koniem.
1697;Światowe Centrum Badań nad Zagładą Żydów.
